{"cameraMode":{"drawMode":0,"name":"Shaded","section":"Shading Mode"},"sceneLighting":true,"audioPlay":false,"sceneViewState":{"m_AlwaysRefresh":false,"showFog":true,"showSkybox":true,"showFlares":true,"showImageEffects":true,"showParticleSystems":true,"showVisualEffectGraphs":true,"m_FxEnabled":true},"in2DMode":false,"pivot":{"x":-0.6740544438362122,"y":1.1039211750030518,"z":0.8303452134132385},"rotation":{"x":-0.2102225422859192,"y":0.007915453985333443,"z":-0.0017004706896841527,"w":-0.9776284694671631},"size":0.7849798798561096,"orthographic":false}